NodeID,Group,Dim_1,Dim_2,Epochs
0,1.0,27.7686767578125,-29.944852828979492,0
1,1.0,36.265724182128906,30.379253387451172,0
2,2.0,65.17156982421875,16.078638076782227,0
3,1.0,41.9324836730957,63.5448112487793,0
4,0.0,-80.03433990478516,-42.6732063293457,0
5,0.0,-52.034385681152344,-15.901636123657227,0
6,0.0,2.9361696243286133,-8.52405071258545,0
7,1.0,74.63924407958984,51.701595306396484,0
8,3.0,65.32307434082031,-17.161558151245117,0
9,2.0,100.0989990234375,-8.921862602233887,0
10,0.0,-44.222679138183594,-54.15086364746094,0
11,1.0,20.27292823791504,-111.13516998291016,0
12,1.0,105.66033172607422,30.840927124023438,0
13,1.0,36.58549499511719,-0.7867122888565063,0
14,3.0,-82.17130279541016,14.033833503723145,0
15,3.0,-58.04258728027344,61.385379791259766,0
16,0.0,-29.59320831298828,89.73237609863281,0
17,1.0,26.21637725830078,-67.80924224853516,0
18,3.0,-93.06224822998047,51.30474853515625,0
19,1.0,56.38307571411133,-86.85447692871094,0
20,3.0,99.72611236572266,-83.34191131591797,0
21,1.0,57.3697509765625,-51.26239013671875,0
22,3.0,-75.10018920898438,-82.57305145263672,0
23,3.0,-25.116010665893555,42.294403076171875,0
24,2.0,-13.749044418334961,-77.5229721069336,0
25,2.0,-25.576786041259766,-108.82064056396484,0
26,3.0,-109.67185974121094,-12.379671096801758,0
27,2.0,94.23809051513672,-43.86381912231445,0
28,2.0,-24.014245986938477,6.192424774169922,0
29,3.0,-51.21854019165039,23.02468490600586,0
30,3.0,1.3364756107330322,62.93989181518555,0
31,2.0,-23.41184425354004,-27.2119083404541,0
32,3.0,5.302018642425537,23.767404556274414,0
33,3.0,-0.048472508788108826,-44.19712829589844,0
0,1.0,0.7813946604728699,2.398458242416382,10
1,1.0,0.6413465738296509,2.130927085876465,10
2,2.0,0.8593936562538147,2.227234363555908,10
3,1.0,0.48637181520462036,2.1403143405914307,10
4,0.0,0.5197771787643433,2.9617152214050293,10
5,0.0,0.9182692766189575,2.815582752227783,10
6,0.0,0.9327507615089417,2.9245429039001465,10
7,1.0,0.35454389452934265,2.2543089389801025,10
8,3.0,1.0999101400375366,2.544402837753296,10
9,2.0,0.9245555996894836,2.112532377243042,10
10,0.0,0.6676468253135681,2.8582522869110107,10
11,1.0,0.637170672416687,1.6235045194625854,10
12,1.0,0.20921708643436432,1.9536458253860474,10
13,1.0,0.6708384156227112,2.0877439975738525,10
14,3.0,2.0687971115112305,2.246614694595337,10
15,3.0,1.93476140499115,2.71832537651062,10
16,0.0,1.359818696975708,3.212817668914795,10
17,1.0,0.1900118589401245,2.2335195541381836,10
18,3.0,1.800048828125,2.8694825172424316,10
19,1.0,0.7999076247215271,1.875152587890625,10
20,3.0,1.8958154916763306,2.648820638656616,10
21,1.0,0.1990605592727661,1.9931422472000122,10
22,3.0,1.8550293445587158,2.7487802505493164,10
23,3.0,1.7356399297714233,2.1120617389678955,10
24,2.0,1.6847494840621948,1.6504411697387695,10
25,2.0,1.6519572734832764,1.5375789403915405,10
26,3.0,2.1898767948150635,2.531933307647705,10
27,2.0,1.4172145128250122,1.8042106628417969,10
28,2.0,1.5667157173156738,2.3198659420013428,10
29,3.0,1.8695956468582153,2.3382620811462402,10
30,3.0,1.573865294456482,2.631073236465454,10
31,2.0,1.548745036125183,2.125092029571533,10
32,3.0,1.4168208837509155,2.2242767810821533,10
33,3.0,1.5075976848602295,2.0514233112335205,10
0,1.0,-20.041501998901367,4.330373764038086,20
1,1.0,-32.34759521484375,10.479708671569824,20
2,2.0,-8.994095802307129,-4.268931865692139,20
3,1.0,-35.470184326171875,-3.2591793537139893,20
4,0.0,-26.239913940429688,-25.170137405395508,20
5,0.0,-17.351072311401367,-38.25769805908203,20
6,0.0,-12.479183197021484,-21.466360092163086,20
7,1.0,-48.07077407836914,9.629447937011719,20
8,3.0,0.4482184946537018,-14.417779922485352,20
9,2.0,-6.5484209060668945,10.974802017211914,20
10,0.0,-20.75714111328125,21.351221084594727,20
11,1.0,-38.611961364746094,25.8995361328125,20
12,1.0,-52.71415328979492,-5.551141262054443,20
13,1.0,-22.624860763549805,-9.754898071289062,20
14,3.0,31.417922973632812,-32.79745101928711,20
15,3.0,44.764617919921875,18.582935333251953,20
16,0.0,-13.939217567443848,38.30913543701172,20
17,1.0,-40.03480911254883,-17.00802230834961,20
18,3.0,42.26862716674805,-15.86914348602295,20
19,1.0,-1.2928550243377686,-33.13282775878906,20
20,3.0,27.52570915222168,23.68499183654785,20
21,1.0,-38.583824157714844,-35.377899169921875,20
22,3.0,34.07514953613281,7.818638801574707,20
23,3.0,19.0830135345459,6.257365703582764,20
24,2.0,-56.18701934814453,-26.40459442138672,20
25,2.0,13.106608390808105,35.53738021850586,20
26,3.0,47.95466232299805,-0.4362899959087372,20
27,2.0,-0.37206143140792847,24.425926208496094,20
28,2.0,13.582330703735352,-26.184677124023438,20
29,3.0,26.713930130004883,-18.074268341064453,20
30,3.0,13.190110206604004,-9.683412551879883,20
31,2.0,5.5196614265441895,2.5181143283843994,20
32,3.0,12.089999198913574,17.188392639160156,20
33,3.0,27.02272605895996,-4.627348899841309,20
0,1.0,-24.19901466369629,19.395305633544922,30
1,1.0,-18.636289596557617,68.26882934570312,30
2,2.0,-3.7885069847106934,36.18128967285156,30
3,1.0,-48.499237060546875,24.481975555419922,30
4,0.0,-81.85543060302734,-41.923828125,30
5,0.0,-60.840576171875,-21.953025817871094,30
6,0.0,-53.481544494628906,-50.466915130615234,30
7,1.0,-68.5196762084961,8.623598098754883,30
8,3.0,-23.87449073791504,-29.596189498901367,30
9,2.0,17.205982208251953,55.81544876098633,30
10,0.0,-94.22142791748047,17.833776473999023,30
11,1.0,-62.718238830566406,43.85240173339844,30
12,1.0,-87.42723083496094,53.129798889160156,30
13,1.0,-30.56947135925293,44.66891098022461,30
14,3.0,26.599103927612305,-49.31502151489258,30
15,3.0,-10.676285743713379,-61.71090316772461,30
16,0.0,-95.25786590576172,-15.806836128234863,30
17,1.0,-52.17920684814453,70.36823272705078,30
18,3.0,58.12212371826172,17.496248245239258,30
19,1.0,-17.028675079345703,-3.937040090560913,30
20,3.0,54.73164367675781,-45.78820037841797,30
21,1.0,-43.65841293334961,-1.4960601329803467,30
22,3.0,14.987340927124023,-75.28268432617188,30
23,3.0,51.23491287231445,44.5843505859375,30
24,2.0,59.921661376953125,-11.180195808410645,30
25,2.0,84.89613342285156,4.623374938964844,30
26,3.0,47.9694938659668,-74.6302261352539,30
27,2.0,3.3475053310394287,-34.35297393798828,30
28,2.0,13.966012954711914,-13.136031150817871,30
29,3.0,79.66845703125,-33.9333610534668,30
30,3.0,6.589535236358643,9.888544082641602,30
31,2.0,34.78841018676758,2.066709518432617,30
32,3.0,27.569942474365234,26.48282814025879,30
33,3.0,36.339054107666016,-24.291473388671875,30
0,1.0,-29.555402755737305,46.48051834106445,40
1,1.0,-2.205037832260132,40.548667907714844,40
2,2.0,-34.461761474609375,19.208768844604492,40
3,1.0,-92.7122573852539,13.595727920532227,40
4,0.0,-64.93104553222656,75.77741241455078,40
5,0.0,-41.08561706542969,94.33914184570312,40
6,0.0,-58.01081848144531,46.60149002075195,40
7,1.0,57.913692474365234,47.028968811035156,40
8,3.0,-15.204643249511719,-1.1112159490585327,40
9,2.0,-71.16077423095703,-12.155341148376465,40
10,0.0,-6.54761266708374,102.06354522705078,40
11,1.0,26.50584602355957,47.481529235839844,40
12,1.0,38.803043365478516,81.10154724121094,40
13,1.0,8.127098083496094,15.464895248413086,40
14,3.0,-11.46333122253418,-79.11265563964844,40
15,3.0,38.02305603027344,-87.3544921875,40
16,0.0,-85.38409423828125,41.76417922973633,40
17,1.0,10.016691207885742,70.95855712890625,40
18,3.0,-5.023372650146484,-51.164859771728516,40
19,1.0,37.585289001464844,19.114261627197266,40
20,3.0,-60.409019470214844,-42.9487419128418,40
21,1.0,-18.022859573364258,71.14592742919922,40
22,3.0,-43.028846740722656,-14.333250999450684,40
23,3.0,17.113834381103516,-66.40970611572266,40
24,2.0,31.20112419128418,-12.91388988494873,40
25,2.0,28.235191345214844,-40.18020248413086,40
26,3.0,4.739970684051514,-105.05570983886719,40
27,2.0,61.28974533081055,-15.571285247802734,40
28,2.0,55.24448776245117,-50.56184768676758,40
29,3.0,-35.640628814697266,-96.75942993164062,40
30,3.0,-60.20580291748047,-72.29331970214844,40
31,2.0,-22.45577621459961,-30.25897979736328,40
32,3.0,-33.063228607177734,-56.915184020996094,40
33,3.0,4.03558349609375,-22.90355682373047,40
0,1.0,17.660005569458008,-39.97976303100586,50
1,1.0,53.962257385253906,13.916382789611816,50
2,2.0,26.76886558532715,7.341033935546875,50
3,1.0,25.32278823852539,31.54844856262207,50
4,0.0,36.053138732910156,-65.89397430419922,50
5,0.0,72.8194580078125,-27.653844833374023,50
6,0.0,45.211158752441406,-37.83374786376953,50
7,1.0,51.501102447509766,38.4913330078125,50
8,3.0,-29.024492263793945,-10.209786415100098,50
9,2.0,-11.678479194641113,39.46237564086914,50
10,0.0,3.7340950965881348,69.87177276611328,50
11,1.0,30.014883041381836,55.0292854309082,50
12,1.0,81.05461120605469,4.1534504890441895,50
13,1.0,20.49713134765625,-14.571944236755371,50
14,3.0,-73.86146545410156,44.95539474487305,50
15,3.0,-10.73543930053711,-34.48050308227539,50
16,0.0,67.99651336669922,-56.02357482910156,50
17,1.0,49.71867752075195,-9.856159210205078,50
18,3.0,-71.94994354248047,-12.465170860290527,50
19,1.0,4.823944091796875,17.168272018432617,50
20,3.0,-73.91002655029297,16.439632415771484,50
21,1.0,78.06917572021484,35.844425201416016,50
22,3.0,-96.9515609741211,-0.49633675813674927,50
23,3.0,42.14412307739258,81.8768310546875,50
24,2.0,-45.17906951904297,32.78633117675781,50
25,2.0,-34.35896682739258,-39.64665985107422,50
26,3.0,-88.80160522460938,-34.9934196472168,50
27,2.0,-24.583417892456055,16.599342346191406,50
28,2.0,-6.726987838745117,-5.926743984222412,50
29,3.0,-61.27094650268555,-53.48197555541992,50
30,3.0,-18.423297882080078,-63.94905090332031,50
31,2.0,-35.46183776855469,57.4857177734375,50
32,3.0,-49.49019241333008,4.629411220550537,50
33,3.0,-51.51408004760742,-24.30323028564453,50
0,1.0,9.185483932495117,20.072999954223633,60
1,1.0,-16.850248336791992,17.473087310791016,60
2,2.0,-1.8273797035217285,9.622369766235352,60
3,1.0,-0.6324832439422607,48.22776794433594,60
4,0.0,42.88108444213867,19.332286834716797,60
5,0.0,36.33557891845703,35.67630386352539,60
6,0.0,-33.84898376464844,25.39107894897461,60
7,1.0,-16.634201049804688,34.06077575683594,60
8,3.0,-28.478652954101562,4.7344770431518555,60
9,2.0,-0.37308740615844727,-4.2741804122924805,60
10,0.0,-18.362506866455078,49.962364196777344,60
11,1.0,19.27103042602539,32.778648376464844,60
12,1.0,17.359994888305664,48.081443786621094,60
13,1.0,3.950244426727295,34.51266098022461,60
14,3.0,-28.326000213623047,-13.15653133392334,60
15,3.0,-30.51197624206543,-42.35029983520508,60
16,0.0,39.00969314575195,1.435117244720459,60
17,1.0,17.195571899414062,7.897687911987305,60
18,3.0,-41.16033172607422,-25.48579978942871,60
19,1.0,-4.920028209686279,24.08728790283203,60
20,3.0,8.069198608398438,-50.91132354736328,60
21,1.0,25.848854064941406,19.377243041992188,60
22,3.0,-24.759822845458984,-27.703067779541016,60
23,3.0,-10.339337348937988,-30.102924346923828,60
24,2.0,13.154988288879395,-26.166549682617188,60
25,2.0,2.591219186782837,-35.97038269042969,60
26,3.0,-43.60624694824219,-6.622951507568359,60
27,2.0,26.105684280395508,-16.847209930419922,60
28,2.0,-12.079858779907227,-15.3167724609375,60
29,3.0,-13.187200546264648,-46.743831634521484,60
30,3.0,-15.352814674377441,-1.1566588878631592,60
31,2.0,1.4553751945495605,-18.698789596557617,60
32,3.0,24.97846221923828,-36.0284423828125,60
33,3.0,13.210952758789062,-8.76833724975586,60
0,1.0,-14.583038330078125,2.559546709060669,70
1,1.0,-14.693419456481934,-4.41856050491333,70
2,2.0,-7.0063018798828125,5.378937244415283,70
3,1.0,-19.24907112121582,8.491362571716309,70
4,0.0,-8.936864852905273,-9.975049018859863,70
5,0.0,-22.80638313293457,16.250059127807617,70
6,0.0,-15.164260864257812,18.08788299560547,70
7,1.0,-17.484790802001953,-11.958348274230957,70
8,3.0,-0.4224913418292999,-5.222177982330322,70
9,2.0,-5.994354248046875,13.885004997253418,70
10,0.0,-27.77506446838379,9.372593879699707,70
11,1.0,-29.31492805480957,-0.6191830635070801,70
12,1.0,-26.202381134033203,-9.79255485534668,70
13,1.0,-8.317500114440918,-1.5404773950576782,70
14,3.0,6.42216157913208,-0.6590186357498169,70
15,3.0,13.074250221252441,1.4968066215515137,70
16,0.0,-5.022071838378906,-16.47415542602539,70
17,1.0,-21.411802291870117,-4.331680774688721,70
18,3.0,20.537710189819336,1.9339367151260376,70
19,1.0,-12.392149925231934,9.60330581665039,70
20,3.0,13.009505271911621,8.537901878356934,70
21,1.0,-22.322216033935547,2.35603928565979,70
22,3.0,20.47933006286621,9.972476959228516,70
23,3.0,17.137313842773438,-5.822360515594482,70
24,2.0,-3.4688165187835693,22.654081344604492,70
25,2.0,7.027718544006348,13.738245964050293,70
26,3.0,15.185978889465332,16.643726348876953,70
27,2.0,0.5403528809547424,16.02506446838379,70
28,2.0,-0.17295965552330017,9.111588478088379,70
29,3.0,5.342675685882568,-11.732335090637207,70
30,3.0,-0.3139039874076843,1.715735912322998,70
31,2.0,5.8933234214782715,21.38636016845703,70
32,3.0,9.819297790527344,-6.245545864105225,70
33,3.0,6.077770709991455,6.187018871307373,70
0,1.0,13.242090225219727,-10.303180694580078,80
1,1.0,-6.808595657348633,-22.435047149658203,80
2,2.0,3.712099313735962,-6.969470500946045,80
3,1.0,17.788854598999023,-18.83057403564453,80
4,0.0,22.397350311279297,0.7652527093887329,80
5,0.0,33.67715835571289,-2.7407214641571045,80
6,0.0,-10.002365112304688,-34.927825927734375,80
7,1.0,8.90259838104248,-22.55301856994629,80
8,3.0,0.1829347014427185,6.3676066398620605,80
9,2.0,9.686622619628906,2.323094367980957,80
10,0.0,25.457597732543945,-10.374919891357422,80
11,1.0,23.479413986206055,-26.72008514404297,80
12,1.0,32.71553039550781,-20.451011657714844,80
13,1.0,1.4602209329605103,-29.188655853271484,80
14,3.0,-3.3784353733062744,30.4949951171875,80
15,3.0,-13.128832817077637,18.56108283996582,80
16,0.0,27.319988250732422,-38.56544876098633,80
17,1.0,6.266467094421387,-40.54556655883789,80
18,3.0,17.389293670654297,17.25263023376465,80
19,1.0,1.1646745204925537,-16.008548736572266,80
20,3.0,-15.548815727233887,29.379066467285156,80
21,1.0,14.030315399169922,-32.4759521484375,80
22,3.0,-2.6517422199249268,18.979516983032227,80
23,3.0,-20.992219924926758,8.398913383483887,80
24,2.0,-21.866500854492188,-19.006532669067383,80
25,2.0,-30.53633689880371,0.6699055433273315,80
26,3.0,8.036314010620117,26.4656925201416,80
27,2.0,-23.153644561767578,-7.748994827270508,80
28,2.0,-11.559052467346191,-10.839754104614258,80
29,3.0,-24.94540786743164,19.369586944580078,80
30,3.0,-4.838418006896973,-1.7417620420455933,80
31,2.0,-15.193763732910156,-0.8134567141532898,80
32,3.0,6.7120161056518555,14.040900230407715,80
33,3.0,-9.533583641052246,8.689427375793457,80
0,1.0,12.326019287109375,-25.956424713134766,90
1,1.0,-56.8297004699707,-62.482093811035156,90
2,2.0,-11.178384780883789,-15.497791290283203,90
3,1.0,-14.793839454650879,-77.16291046142578,90
4,0.0,36.80216598510742,-33.384185791015625,90
5,0.0,-34.90169906616211,-64.71588897705078,90
6,0.0,-65.13915252685547,-34.36054611206055,90
7,1.0,-25.53129005432129,-29.608510971069336,90
8,3.0,2.1301369667053223,1.581868052482605,90
9,2.0,-27.33104133605957,21.09011459350586,90
10,0.0,-42.772010803222656,-42.55467987060547,90
11,1.0,-0.9044777750968933,-59.126468658447266,90
12,1.0,15.545666694641113,-47.33350372314453,90
13,1.0,-18.655052185058594,-49.181983947753906,90
14,3.0,16.832162857055664,63.213165283203125,90
15,3.0,3.938826560974121,45.81737518310547,90
16,0.0,-48.6299934387207,-20.21180534362793,90
17,1.0,30.059999465942383,-62.99940872192383,90
18,3.0,-10.847969055175781,63.482967376708984,90
19,1.0,-4.406999588012695,-35.360530853271484,90
20,3.0,-13.972702980041504,38.431148529052734,90
21,1.0,10.090795516967773,-78.5054702758789,90
22,3.0,37.620033264160156,48.554630279541016,90
23,3.0,-2.216068983078003,22.122211456298828,90
24,2.0,-58.47909927368164,8.429815292358398,90
25,2.0,-37.447933197021484,1.5256342887878418,90
26,3.0,41.82511520385742,24.392423629760742,90
27,2.0,41.22492218017578,-1.1994879245758057,90
28,2.0,-17.518606185913086,4.635992050170898,90
29,3.0,20.07550048828125,35.282901763916016,90
30,3.0,20.11487579345703,-5.047640323638916,90
31,2.0,-47.3093147277832,28.561077117919922,90
32,3.0,18.691179275512695,15.980659484863281,90
33,3.0,-32.77857971191406,47.96691131591797,90
0,1.0,-2.4213764667510986,9.507575035095215,100
1,1.0,-2.6088762283325195,9.2821626663208,100
2,2.0,-2.1882102489471436,9.0985689163208,100
3,1.0,-2.6782162189483643,9.2500581741333,100
4,0.0,-2.310314655303955,10.065436363220215,100
5,0.0,-2.2636492252349854,10.06203556060791,100
6,0.0,-2.2499284744262695,10.073861122131348,100
7,1.0,-2.6854758262634277,9.279526710510254,100
8,3.0,-1.5653820037841797,9.425668716430664,100
9,2.0,-1.676490306854248,8.90678596496582,100
10,0.0,-2.322463274002075,10.034941673278809,100
11,1.0,-2.726593255996704,9.451139450073242,100
12,1.0,-2.7762200832366943,9.417648315429688,100
13,1.0,-2.427107095718384,9.186332702636719,100
14,3.0,-0.9885556101799011,9.400686264038086,100
15,3.0,-1.0592844486236572,9.539748191833496,100
16,0.0,-2.107630491256714,10.200907707214355,100
17,1.0,-2.7904884815216064,9.460349082946777,100
18,3.0,-1.0987201929092407,9.594757080078125,100
19,1.0,-2.3816704750061035,9.27790355682373,100
20,3.0,-1.0293346643447876,9.478553771972656,100
21,1.0,-2.8004658222198486,9.437915802001953,100
22,3.0,-1.074184536933899,9.583532333374023,100
23,3.0,-1.276918888092041,9.08027458190918,100
24,2.0,-1.6771881580352783,8.639972686767578,100
25,2.0,-1.5762468576431274,8.721794128417969,100
26,3.0,-1.0611300468444824,9.60223388671875,100
27,2.0,-1.5814071893692017,8.881443977355957,100
28,2.0,-1.6179966926574707,8.881620407104492,100
29,3.0,-1.0609081983566284,9.408669471740723,100
30,3.0,-1.5233774185180664,9.494190216064453,100
31,2.0,-1.657113790512085,8.96308708190918,100
32,3.0,-1.2773531675338745,9.404009819030762,100
33,3.0,-1.388013482093811,9.28892993927002,100
0,1.0,36.80912780761719,-30.294641494750977,110
1,1.0,-15.571946144104004,42.576194763183594,110
2,2.0,11.93912410736084,27.23256492614746,110
3,1.0,-10.884993553161621,19.76759147644043,110
4,0.0,45.220394134521484,-71.73001861572266,110
5,0.0,-44.12277603149414,-44.97535705566406,110
6,0.0,-29.342395782470703,0.2896645963191986,110
7,1.0,30.682912826538086,55.758819580078125,110
8,3.0,-15.897988319396973,-40.46501159667969,110
9,2.0,6.8938446044921875,1.540866494178772,110
10,0.0,-54.95162582397461,5.421940803527832,110
11,1.0,-33.61506652832031,26.460596084594727,110
12,1.0,-13.25437068939209,69.18345642089844,110
13,1.0,-53.16682052612305,39.439430236816406,110
14,3.0,1.145120620727539,-60.9177131652832,110
15,3.0,7.849867820739746,-39.24936294555664,110
16,0.0,-35.21525955200195,-20.749406814575195,110
17,1.0,-35.659156799316406,58.69458770751953,110
18,3.0,61.05598068237305,-45.464595794677734,110
19,1.0,6.339034080505371,48.223506927490234,110
20,3.0,-6.804225921630859,-19.226970672607422,110
21,1.0,11.28498363494873,75.52021026611328,110
22,3.0,14.776041030883789,-80.31988525390625,110
23,3.0,16.961551666259766,-18.704715728759766,110
24,2.0,35.24443817138672,-5.102820873260498,110
25,2.0,44.17871856689453,30.253751754760742,110
26,3.0,77.95529174804688,16.893577575683594,110
27,2.0,53.71364974975586,8.46652603149414,110
28,2.0,55.13510513305664,-15.330360412597656,110
29,3.0,-22.00000762939453,-69.18575286865234,110
30,3.0,27.11168670654297,-51.45793914794922,110
31,2.0,27.021976470947266,12.846040725708008,110
32,3.0,79.91692352294922,-17.510042190551758,110
33,3.0,-60.709312438964844,-24.205839157104492,110
0,1.0,-7.839919567108154,-14.362922668457031,120
1,1.0,-16.679269790649414,-3.5478827953338623,120
2,2.0,-3.0271835327148438,-0.6858413219451904,120
3,1.0,-38.95658493041992,-16.22663688659668,120
4,0.0,-12.137800216674805,-42.77833938598633,120
5,0.0,-10.70214557647705,-28.46188735961914,120
6,0.0,3.634951114654541,-42.94188690185547,120
7,1.0,-30.112825393676758,-4.810891628265381,120
8,3.0,20.277130126953125,-3.2026360034942627,120
9,2.0,9.303051948547363,4.777991771697998,120
10,0.0,-25.000991821289062,-33.364742279052734,120
11,1.0,-32.17353057861328,19.79505157470703,120
12,1.0,-41.35881423950195,3.9657721519470215,120
13,1.0,-10.337455749511719,9.939061164855957,120
14,3.0,56.41334915161133,-5.5287251472473145,120
15,3.0,47.40520095825195,6.864928245544434,120
16,0.0,2.8818745613098145,-29.184446334838867,120
17,1.0,-23.244014739990234,-17.120119094848633,120
18,3.0,35.013301849365234,15.526165962219238,120
19,1.0,-14.971595764160156,22.699331283569336,120
20,3.0,41.98541259765625,-7.2053751945495605,120
21,1.0,-24.89520263671875,8.020621299743652,120
22,3.0,48.813575744628906,21.631628036499023,120
23,3.0,29.079524993896484,-13.515365600585938,120
24,2.0,2.497267484664917,31.374752044677734,120
25,2.0,15.361149787902832,-18.940750122070312,120
26,3.0,43.66959762573242,-21.95026397705078,120
27,2.0,5.060678005218506,16.723154067993164,120
28,2.0,25.062854766845703,-28.93331527709961,120
29,3.0,33.01348114013672,30.150087356567383,120
30,3.0,18.90641975402832,23.991689682006836,120
31,2.0,7.632436275482178,-9.061039924621582,120
32,3.0,32.449031829833984,2.0883891582489014,120
33,3.0,21.575210571289062,10.697066307067871,120
0,1.0,-13.728242874145508,-78.41166687011719,130
1,1.0,7.519898414611816,-108.13956451416016,130
2,2.0,-13.263728141784668,-16.921985626220703,130
3,1.0,16.29836082458496,-32.326194763183594,130
4,0.0,-47.57395935058594,-43.525909423828125,130
5,0.0,-40.35533142089844,-100.21886444091797,130
6,0.0,84.05328369140625,23.67624282836914,130
7,1.0,-13.663867950439453,-47.965145111083984,130
8,3.0,-32.797542572021484,12.92402458190918,130
9,2.0,17.84013557434082,1.3228838443756104,130
10,0.0,-58.83356475830078,-71.2468032836914,130
11,1.0,74.19123077392578,-49.926414489746094,130
12,1.0,30.34775733947754,-86.7121353149414,130
13,1.0,40.881080627441406,-51.65736389160156,130
14,3.0,-55.446353912353516,35.71186828613281,130
15,3.0,-27.340484619140625,103.05168914794922,130
16,0.0,91.0858154296875,-10.907182693481445,130
17,1.0,12.909666061401367,-63.04745864868164,130
18,3.0,-64.99922180175781,89.95479583740234,130
19,1.0,48.669071197509766,-21.95046615600586,130
20,3.0,15.409908294677734,90.85313415527344,130
21,1.0,61.36621856689453,-84.01858520507812,130
22,3.0,-13.229512214660645,74.09080505371094,130
23,3.0,-23.5723876953125,41.58370590209961,130
24,2.0,45.429203033447266,60.53459548950195,130
25,2.0,27.62274932861328,33.29492950439453,130
26,3.0,-43.95396041870117,66.2118148803711,130
27,2.0,5.967645645141602,48.33149337768555,130
28,2.0,-3.946221351623535,17.114501953125,130
29,3.0,-85.73365020751953,23.629112243652344,130
30,3.0,-80.96133422851562,56.3369026184082,130
31,2.0,-49.50792694091797,-8.236883163452148,130
32,3.0,49.16730880737305,14.545137405395508,130
33,3.0,-81.9622802734375,-10.09896469116211,130
0,1.0,31.640018463134766,-47.33125305175781,140
1,1.0,25.32132339477539,-87.59957885742188,140
2,2.0,-26.50177001953125,86.46643829345703,140
3,1.0,-51.208709716796875,-87.67491149902344,140
4,0.0,70.10894775390625,-56.716487884521484,140
5,0.0,84.74905395507812,-22.450023651123047,140
6,0.0,81.83995819091797,-93.2158203125,140
7,1.0,-40.96662139892578,-49.07173538208008,140
8,3.0,11.123388290405273,-8.361201286315918,140
9,2.0,-57.33143997192383,20.188135147094727,140
10,0.0,113.89286804199219,-62.084110260009766,140
11,1.0,42.30555725097656,-126.02337646484375,140
12,1.0,-12.296710014343262,-96.35904693603516,140
13,1.0,-83.88711547851562,-61.918975830078125,140
14,3.0,24.172426223754883,120.28717041015625,140
15,3.0,22.91771697998047,82.2997055053711,140
16,0.0,125.86869812011719,-15.882050514221191,140
17,1.0,-0.6902039647102356,-136.8587188720703,140
18,3.0,75.79502868652344,29.765016555786133,140
19,1.0,-4.9221320152282715,-54.853187561035156,140
20,3.0,72.00556945800781,105.95021057128906,140
21,1.0,-46.917625427246094,-128.8279266357422,140
22,3.0,-63.00168228149414,106.4798812866211,140
23,3.0,-30.106048583984375,-6.713238716125488,140
24,2.0,-75.84980773925781,-14.845924377441406,140
25,2.0,-106.14100646972656,10.803333282470703,140
26,3.0,101.6396255493164,62.58969497680664,140
27,2.0,-47.5435791015625,53.62409973144531,140
28,2.0,-88.81790924072266,51.112022399902344,140
29,3.0,57.3844108581543,66.44519805908203,140
30,3.0,45.214385986328125,2.290640115737915,140
31,2.0,-14.497617721557617,22.93668556213379,140
32,3.0,30.682519912719727,36.97873306274414,140
33,3.0,-2.567837715148926,55.12997055053711,140
0,1.0,2.236955404281616,-52.09600830078125,150
1,1.0,2.9270806312561035,-34.86465072631836,150
2,2.0,12.18423843383789,-7.455195426940918,150
3,1.0,16.47315216064453,-24.63946533203125,150
4,0.0,25.175260543823242,-59.002296447753906,150
5,0.0,47.6114616394043,-9.094761848449707,150
6,0.0,31.951444625854492,-0.046336911618709564,150
7,1.0,17.637434005737305,-41.96284484863281,150
8,3.0,-3.2858800888061523,39.08758544921875,150
9,2.0,-36.725215911865234,-0.25750476121902466,150
10,0.0,43.6698112487793,11.96878433227539,150
11,1.0,30.408790588378906,-17.276443481445312,150
12,1.0,31.173311233520508,-33.28517150878906,150
13,1.0,-13.724493980407715,-38.81312561035156,150
14,3.0,8.833785057067871,52.25749588012695,150
15,3.0,-19.51826286315918,45.97911071777344,150
16,0.0,59.4107666015625,3.7087724208831787,150
17,1.0,48.57251739501953,-28.78055191040039,150
18,3.0,9.143990516662598,10.324941635131836,150
19,1.0,0.8208991885185242,-19.73558807373047,150
20,3.0,3.6928203105926514,24.946090698242188,150
21,1.0,41.40252685546875,-46.68276596069336,150
22,3.0,-45.80909729003906,17.679561614990234,150
23,3.0,-23.030780792236328,12.297067642211914,150
24,2.0,-18.793371200561523,-20.629850387573242,150
25,2.0,-31.660280227661133,27.620271682739258,150
26,3.0,15.323725700378418,35.43123245239258,150
27,2.0,-5.724926471710205,-3.8011341094970703,150
28,2.0,-35.44694900512695,-17.990001678466797,150
29,3.0,31.957679748535156,35.5528564453125,150
30,3.0,22.44005012512207,18.101205825805664,150
31,2.0,-20.582393646240234,-4.280897617340088,150
32,3.0,-13.687002182006836,26.909908294677734,150
33,3.0,-6.759499549865723,12.010512351989746,150
0,1.0,19.79278564453125,-1.2971320152282715,160
1,1.0,19.58189582824707,-1.4909189939498901,160
2,2.0,19.302980422973633,-1.121052861213684,160
3,1.0,19.514156341552734,-1.5693548917770386,160
4,0.0,20.40111541748047,-1.0915759801864624,160
5,0.0,20.421855926513672,-1.040130376815796,160
6,0.0,20.41080093383789,-1.024306297302246,160
7,1.0,19.506452560424805,-1.5573009252548218,160
8,3.0,19.618404388427734,-0.39760878682136536,160
9,2.0,19.067293167114258,-0.5920314192771912,160
10,0.0,20.411645889282227,-1.0910476446151733,160
11,1.0,19.787763595581055,-1.5808045864105225,160
12,1.0,19.734590530395508,-1.634716272354126,160
13,1.0,19.455638885498047,-1.3267085552215576,160
14,3.0,19.655065536499023,0.09668123722076416,160
15,3.0,19.709672927856445,0.06824924796819687,160
16,0.0,20.546518325805664,-0.9060682654380798,160
17,1.0,19.780921936035156,-1.658249855041504,160
18,3.0,19.763402938842773,0.043615952134132385,160
19,1.0,19.602754592895508,-1.2871772050857544,160
20,3.0,19.694700241088867,0.07689587771892548,160
21,1.0,19.763946533203125,-1.6683233976364136,160
22,3.0,19.752416610717773,0.06215819716453552,160
23,3.0,19.30809211730957,-0.234662726521492,160
24,2.0,18.78603172302246,-0.7904861569404602,160
25,2.0,18.883224487304688,-0.6454025506973267,160
26,3.0,19.82033920288086,0.019568901509046555,160
27,2.0,19.00298500061035,-0.5682737827301025,160
28,2.0,19.013690948486328,-0.6144758462905884,160
29,3.0,19.67795181274414,0.017094528302550316,160
30,3.0,19.74186134338379,-0.364900141954422,160
31,2.0,19.087926864624023,-0.6609869003295898,160
32,3.0,19.648155212402344,-0.16250456869602203,160
33,3.0,19.517467498779297,-0.30839183926582336,160
0,1.0,-16.5355224609375,-12.270185470581055,170
1,1.0,-56.932884216308594,-30.548580169677734,170
2,2.0,-62.511192321777344,-8.218901634216309,170
3,1.0,-39.583744049072266,-44.02738952636719,170
4,0.0,-16.414770126342773,-60.34296798706055,170
5,0.0,13.973343849182129,-39.849586486816406,170
6,0.0,-6.998225212097168,-43.8626594543457,170
7,1.0,-26.32686996459961,-28.42348861694336,170
8,3.0,19.56125831604004,-15.076437950134277,170
9,2.0,13.810664176940918,51.561279296875,170
10,0.0,-1.4874001741409302,-26.344484329223633,170
11,1.0,-34.929019927978516,20.674867630004883,170
12,1.0,-20.79779052734375,5.8397722244262695,170
13,1.0,-36.36494827270508,-1.4092429876327515,170
14,3.0,44.18831253051758,46.56718444824219,170
15,3.0,28.969289779663086,32.62260437011719,170
16,0.0,9.554381370544434,-59.88571548461914,170
17,1.0,-54.162506103515625,29.750244140625,170
18,3.0,67.43782043457031,7.316287517547607,170
19,1.0,-52.55113983154297,8.468353271484375,170
20,3.0,40.28023147583008,-14.665229797363281,170
21,1.0,-41.94563293457031,-18.098854064941406,170
22,3.0,39.15810775756836,-34.59059524536133,170
23,3.0,27.846303939819336,3.015622138977051,170
24,2.0,63.78488540649414,-23.17747688293457,170
25,2.0,-9.681781768798828,53.64432144165039,170
26,3.0,59.634700775146484,29.279788970947266,170
27,2.0,-3.4282302856445312,16.412094116210938,170
28,2.0,-16.02671241760254,34.048397064208984,170
29,3.0,41.48667907714844,19.06188201904297,170
30,3.0,5.891961574554443,-2.1583096981048584,170
31,2.0,4.765257358551025,33.387306213378906,170
32,3.0,48.20322036743164,1.7869569063186646,170
33,3.0,16.707195281982422,16.31268310546875,170
0,1.0,37.23568344116211,-59.270469665527344,180
1,1.0,11.59263801574707,-40.03537368774414,180
2,2.0,-45.15294647216797,-14.058570861816406,180
3,1.0,-92.42508697509766,-39.329383850097656,180
4,0.0,108.91120147705078,0.36252886056900024,180
5,0.0,60.468406677246094,-35.56337356567383,180
6,0.0,91.61116790771484,-27.7901611328125,180
7,1.0,92.4261703491211,-64.86398315429688,180
8,3.0,-30.597448348999023,50.020442962646484,180
9,2.0,-22.43048095703125,17.437807083129883,180
10,0.0,10.082021713256836,-119.89287567138672,180
11,1.0,-57.48500061035156,-42.902706146240234,180
12,1.0,-0.7541055083274841,-74.58129119873047,180
13,1.0,-58.70087814331055,-73.66304779052734,180
14,3.0,17.56586456298828,107.81266021728516,180
15,3.0,42.69694900512695,0.848703145980835,180
16,0.0,70.129150390625,-92.46749114990234,180
17,1.0,30.993789672851562,-92.05323791503906,180
18,3.0,-48.9739990234375,82.29945373535156,180
19,1.0,-23.738269805908203,-51.067237854003906,180
20,3.0,-19.990318298339844,106.22047424316406,180
21,1.0,-31.173368453979492,-97.89649200439453,180
22,3.0,70.40611267089844,23.04971694946289,180
23,3.0,-5.46386194229126,72.45040130615234,180
24,2.0,96.20763397216797,63.0732307434082,180
25,2.0,9.84116268157959,3.853323459625244,180
26,3.0,27.404767990112305,70.28157043457031,180
27,2.0,-13.12762451171875,-13.329339981079102,180
28,2.0,-73.50032043457031,44.1008186340332,180
29,3.0,54.1092643737793,94.3810043334961,180
30,3.0,32.41904830932617,32.13414001464844,180
31,2.0,-57.006019592285156,15.90949821472168,180
32,3.0,3.750593662261963,41.53504943847656,180
33,3.0,56.28379821777344,54.16111373901367,180
0,1.0,11.404747009277344,21.6890926361084,190
1,1.0,6.546040058135986,28.305879592895508,190
2,2.0,4.465700149536133,18.524553298950195,190
3,1.0,16.983476638793945,16.783912658691406,190
4,0.0,23.974451065063477,4.340577125549316,190
5,0.0,30.069908142089844,-1.4607179164886475,190
6,0.0,20.493148803710938,-2.3795952796936035,190
7,1.0,27.30632972717285,20.99479866027832,190
8,3.0,-1.251543641090393,-0.2571896016597748,190
9,2.0,-4.162271499633789,6.849159240722656,190
10,0.0,-12.26430606842041,21.838151931762695,190
11,1.0,23.54513931274414,13.785398483276367,190
12,1.0,14.746481895446777,31.256494522094727,190
13,1.0,10.258407592773438,12.898911476135254,190
14,3.0,-10.644416809082031,-10.672140121459961,190
15,3.0,12.547561645507812,-8.172725677490234,190
16,0.0,25.046676635742188,-9.487985610961914,190
17,1.0,19.136289596557617,23.948192596435547,190
18,3.0,-9.93513011932373,-2.112065315246582,190
19,1.0,16.225387573242188,8.532415390014648,190
20,3.0,13.227130889892578,-16.372648239135742,190
21,1.0,24.52880096435547,29.968721389770508,190
22,3.0,4.92555046081543,-11.508989334106445,190
23,3.0,4.93128776550293,4.357450485229492,190
24,2.0,-2.569122076034546,23.275754928588867,190
25,2.0,1.854979157447815,11.388688087463379,190
26,3.0,-2.2364389896392822,-7.718285083770752,190
27,2.0,-11.910737037658691,8.467106819152832,190
28,2.0,-5.204365253448486,14.795567512512207,190
29,3.0,4.571072101593018,-19.697513580322266,190
30,3.0,5.558948516845703,-3.767298698425293,190
31,2.0,31.564783096313477,10.085711479187012,190
32,3.0,-3.225700616836548,-15.65163516998291,190
33,3.0,11.638140678405762,0.7847543358802795,190
0,1.0,23.098251342773438,-23.21636962890625,200
1,1.0,62.01519012451172,-28.345745086669922,200
2,2.0,33.411895751953125,28.73470687866211,200
3,1.0,45.88192367553711,-4.1567230224609375,200
4,0.0,3.551530361175537,-53.34197235107422,200
5,0.0,-13.213310241699219,-84.86823272705078,200
6,0.0,60.80034637451172,80.56491088867188,200
7,1.0,57.69881820678711,45.066139221191406,200
8,3.0,-20.103191375732422,55.56883239746094,200
9,2.0,14.090592384338379,8.297273635864258,200
10,0.0,-28.30719757080078,-55.024803161621094,200
11,1.0,89.31346130371094,44.361358642578125,200
12,1.0,84.06403350830078,-8.19508171081543,200
13,1.0,39.5385627746582,-47.493064880371094,200
14,3.0,-27.478675842285156,86.48710632324219,200
15,3.0,-66.1172103881836,23.056882858276367,200
16,0.0,21.403539657592773,-83.83628845214844,200
17,1.0,70.65300750732422,-62.41170883178711,200
18,3.0,-98.09861755371094,23.793241500854492,200
19,1.0,65.50824737548828,15.70095443725586,200
20,3.0,-62.38275146484375,84.10618591308594,200
21,1.0,97.44522857666016,-37.42826843261719,200
22,3.0,-84.08455657958984,55.66456604003906,200
23,3.0,0.2629975378513336,37.940982818603516,200
24,2.0,17.554725646972656,93.07823181152344,200
25,2.0,-10.17325496673584,-16.8560848236084,200
26,3.0,-58.490516662597656,-29.30449676513672,200
27,2.0,-12.332246780395508,12.35619068145752,200
28,2.0,108.11151885986328,16.449542999267578,200
29,3.0,-81.26593780517578,-6.676434516906738,200
30,3.0,-41.918800354003906,-2.328629493713379,200
31,2.0,18.797958374023438,60.9323616027832,200
32,3.0,-36.79905700683594,27.64913558959961,200
33,3.0,-49.73122024536133,53.00543212890625,200
0,1.0,-128.01876831054688,-9.91020393371582,0
1,1.0,-141.84921264648438,-26.528095245361328,0
2,2.0,-187.9658966064453,-87.99111938476562,0
3,1.0,-205.2819061279297,-103.73228454589844,0
4,0.0,-154.784912109375,265.2859191894531,0
5,0.0,-93.43309783935547,278.7561950683594,0
6,0.0,-74.96772766113281,287.7825012207031,0
7,1.0,-173.078125,-123.43370056152344,0
8,3.0,511.3705749511719,21.83168601989746,0
9,2.0,518.6983032226562,-6.418129920959473,0
10,0.0,-124.87091064453125,270.6310119628906,0
11,1.0,-116.28987121582031,19.160844802856445,0
12,1.0,-213.50027465820312,-142.1114959716797,0
13,1.0,-262.04608154296875,-116.7487564086914,0
14,3.0,330.59185791015625,72.9512710571289,0
15,3.0,490.2545471191406,85.14259338378906,0
16,0.0,-47.1025390625,301.68133544921875,0
17,1.0,-281.8935546875,-89.86914825439453,0
18,3.0,468.99664306640625,93.36699676513672,0
19,1.0,-280.33984375,-143.28103637695312,0
20,3.0,440.8126525878906,109.66582489013672,0
21,1.0,-228.2217254638672,-68.48367309570312,0
22,3.0,528.3856201171875,94.09614562988281,0
23,3.0,289.2878723144531,64.84149932861328,0
24,2.0,104.41954803466797,-190.1480712890625,0
25,2.0,101.92920684814453,-210.86575317382812,0
26,3.0,265.98297119140625,13.603140830993652,0
27,2.0,276.5934143066406,89.4933853149414,0
28,2.0,119.92465209960938,-87.789306640625,0
29,3.0,280.21875,42.5998420715332,0
30,3.0,501.3182373046875,59.37958908081055,0
31,2.0,90.533447265625,-95.32334899902344,0
32,3.0,38.9127311706543,-81.25656127929688,0
33,3.0,58.9591178894043,-88.37403106689453,0
0,1.0,-122.0423355102539,-5.362847805023193,10
1,1.0,-105.644287109375,-20.310213088989258,10
2,2.0,-151.16253662109375,-114.89945983886719,10
3,1.0,-159.18128967285156,-158.63894653320312,10
4,0.0,-31.813459396362305,428.0895690917969,10
5,0.0,23.807937622070312,393.37713623046875,10
6,0.0,44.23026657104492,385.31121826171875,10
7,1.0,-136.9358673095703,-164.06033325195312,10
8,3.0,-269.2605895996094,102.2955551147461,10
9,2.0,-246.88595581054688,76.1387710571289,10
10,0.0,-5.880049228668213,409.13031005859375,10
11,1.0,-75.44515991210938,-1.6440476179122925,10
12,1.0,-179.0229034423828,-193.8801727294922,10
13,1.0,-190.24490356445312,-138.28762817382812,10
14,3.0,-351.1927795410156,216.06613159179688,10
15,3.0,-334.0397644042969,179.88037109375,10
16,0.0,74.9837417602539,373.6569519042969,10
17,1.0,-91.19367218017578,-230.97833251953125,10
18,3.0,-332.54583740234375,155.48611450195312,10
19,1.0,-220.40109252929688,-123.69799041748047,10
20,3.0,-365.57720947265625,137.9099578857422,10
21,1.0,-112.21461486816406,-208.61891174316406,10
22,3.0,-278.4023132324219,174.5247344970703,10
23,3.0,577.8389892578125,-157.38966369628906,10
24,2.0,284.49713134765625,-94.60528564453125,10
25,2.0,263.6613464355469,-101.58475494384766,10
26,3.0,621.272216796875,-113.88289642333984,10
27,2.0,560.3153686523438,-174.04690551757812,10
28,2.0,402.64288330078125,-123.64188385009766,10
29,3.0,598.3804931640625,-137.32484436035156,10
30,3.0,-299.3044738769531,143.47137451171875,10
31,2.0,368.7675476074219,-134.19805908203125,10
32,3.0,381.8949890136719,-175.769287109375,10
33,3.0,363.0983581542969,-163.08981323242188,10
0,1.0,18.32436180114746,125.3468246459961,20
1,1.0,11.479580879211426,124.51499938964844,20
2,2.0,-26.667394638061523,96.22547149658203,20
3,1.0,1.079419493675232,139.445556640625,20
4,0.0,91.9195327758789,-32.26047897338867,20
5,0.0,107.93402099609375,-28.835803985595703,20
6,0.0,113.6492919921875,-30.036039352416992,20
7,1.0,-4.285060405731201,142.1326904296875,20
8,3.0,-52.694847106933594,60.60160827636719,20
9,2.0,-30.38201141357422,88.05912780761719,20
10,0.0,99.72543334960938,-29.77109718322754,20
11,1.0,8.939237594604492,115.81776428222656,20
12,1.0,8.070539474487305,146.05055236816406,20
13,1.0,-22.813875198364258,105.4288330078125,20
14,3.0,-81.53683471679688,15.412293434143066,20
15,3.0,-80.00592041015625,25.79339027404785,20
16,0.0,121.83146667480469,-26.251585006713867,20
17,1.0,-15.734824180603027,157.33065795898438,20
18,3.0,-84.63809967041016,30.180248260498047,20
19,1.0,-21.09650421142578,111.5665283203125,20
20,3.0,-92.75249481201172,34.16035461425781,20
21,1.0,-11.049812316894531,151.22384643554688,20
22,3.0,-70.79212951660156,28.113666534423828,20
23,3.0,-83.75908660888672,-21.250717163085938,20
24,2.0,-96.15995788574219,-78.0271987915039,20
25,2.0,-98.4599380493164,-72.76469421386719,20
26,3.0,-73.37850952148438,-6.935342788696289,20
27,2.0,-86.23770904541016,-26.840946197509766,20
28,2.0,-88.29537200927734,-119.55270385742188,20
29,3.0,-79.87640380859375,-13.189030647277832,20
30,3.0,-56.34050750732422,55.76774978637695,20
31,2.0,-92.65618896484375,-111.6788101196289,20
32,3.0,-103.77838897705078,-114.45830535888672,20
33,3.0,-100.28234100341797,-109.55630493164062,20
0,1.0,-423.6857604980469,-603.3695068359375,30
1,1.0,-381.87017822265625,414.6196594238281,30
2,2.0,-86.80744171142578,353.05120849609375,30
3,1.0,-538.7307739257812,439.4053039550781,30
4,0.0,52.2974853515625,-227.31900024414062,30
5,0.0,20.30558967590332,-492.6589660644531,30
6,0.0,-15.671053886413574,-602.3994140625,30
7,1.0,-645.22705078125,382.29669189453125,30
8,3.0,-115.49966430664062,84.36618041992188,30
9,2.0,394.1219177246094,-154.99331665039062,30
10,0.0,-30.37620735168457,-351.80633544921875,30
11,1.0,-400.4815368652344,237.13400268554688,30
12,1.0,336.44000244140625,-1263.331787109375,30
13,1.0,1098.7420654296875,-922.0368041992188,30
14,3.0,215.04661560058594,388.3674011230469,30
15,3.0,491.27142333984375,-326.9544982910156,30
16,0.0,-339.16461181640625,-354.5403747558594,30
17,1.0,-3343.057861328125,-1812.4012451171875,30
18,3.0,229.06045532226562,48.485538482666016,30
19,1.0,-909.601318359375,1054.4654541015625,30
20,3.0,448.1929016113281,264.04656982421875,30
21,1.0,5785.80859375,1934.50048828125,30
22,3.0,-1191.3173828125,788.5388793945312,30
23,3.0,-1171.471435546875,-795.76416015625,30
24,2.0,-529.797119140625,-947.2637329101562,30
25,2.0,773.8168334960938,720.0633544921875,30
26,3.0,664.3373413085938,81.37788391113281,30
27,2.0,1154.131103515625,569.4860229492188,30
28,2.0,-781.0203857421875,-24.438451766967773,30
29,3.0,505.6319580078125,159.68284606933594,30
30,3.0,-198.03500366210938,3.0366649627685547,30
31,2.0,809.771728515625,-138.02151489257812,30
32,3.0,-44.77259063720703,-989.15966796875,30
33,3.0,408.66943359375,558.7080688476562,30
0,1.0,54.89637756347656,-232.85696411132812,40
1,1.0,91.9209976196289,-220.79066467285156,40
2,2.0,-77.80026245117188,-165.79061889648438,40
3,1.0,129.12490844726562,-245.21636962890625,40
4,0.0,-161.47500610351562,380.719482421875,40
5,0.0,-94.54362487792969,390.6225280761719,40
6,0.0,-73.01922607421875,404.4402770996094,40
7,1.0,154.4137725830078,-237.34115600585938,40
8,3.0,-278.1939697265625,-65.98785400390625,40
9,2.0,-95.72174072265625,29.95366859436035,40
10,0.0,-128.70445251464844,380.5727844238281,40
11,1.0,95.84617614746094,-179.37574768066406,40
12,1.0,138.49185180664062,-289.3293151855469,40
13,1.0,-50.705902099609375,-190.29226684570312,40
14,3.0,218.92752075195312,77.0347671508789,40
15,3.0,287.9867248535156,62.17926788330078,40
16,0.0,-34.053348541259766,402.294189453125,40
17,1.0,186.49176025390625,-362.9974670410156,40
18,3.0,307.51080322265625,78.91962432861328,40
19,1.0,-37.26370620727539,-211.86827087402344,40
20,3.0,673.2167358398438,935.2962646484375,40
21,1.0,172.81448364257812,-341.6800231933594,40
22,3.0,289.8391418457031,27.154869079589844,40
23,3.0,-38.449302673339844,78.93329620361328,40
24,2.0,-161.44371032714844,127.5282974243164,40
25,2.0,-141.88980102539062,111.81890869140625,40
26,3.0,168.14950561523438,-63.692237854003906,40
27,2.0,-83.45510864257812,67.41664123535156,40
28,2.0,50.32020950317383,181.7494659423828,40
29,3.0,-117.4188232421875,-249.88555908203125,40
30,3.0,-283.9048767089844,-41.92240905761719,40
31,2.0,27.738786697387695,171.238037109375,40
32,3.0,24.01009750366211,74.46239471435547,40
33,3.0,1.106952428817749,84.71939086914062,40
0,1.0,56.93559646606445,64.50263214111328,50
1,1.0,73.27092742919922,71.68278503417969,50
2,2.0,-95.02273559570312,-182.06536865234375,50
3,1.0,88.35291290283203,78.40434265136719,50
4,0.0,136.06809997558594,-174.8505096435547,50
5,0.0,137.22752380371094,-143.9751739501953,50
6,0.0,141.22186279296875,-132.94993591308594,50
7,1.0,99.18753814697266,83.70909118652344,50
8,3.0,-121.31473541259766,-6.873097896575928,50
9,2.0,-32.293914794921875,-103.00546264648438,50
10,0.0,133.58465576171875,-160.1811065673828,50
11,1.0,164.97048950195312,83.5527572631836,50
12,1.0,159.70265197753906,66.80433654785156,50
13,1.0,-101.7577133178711,-166.62960815429688,50
14,3.0,-67.7113037109375,106.12295532226562,50
15,3.0,-78.02371978759766,84.16574096679688,50
16,0.0,145.47378540039062,-115.59381866455078,50
17,1.0,165.4426727294922,38.83375549316406,50
18,3.0,-89.9789810180664,83.49915313720703,50
19,1.0,-107.69579315185547,-156.58741760253906,50
20,3.0,-83.21707153320312,131.2086944580078,50
21,1.0,163.47329711914062,50.82788848876953,50
22,3.0,-68.69758605957031,70.5586929321289,50
23,3.0,-208.71685791015625,-40.96649169921875,50
24,2.0,15.081908226013184,-92.63448333740234,50
25,2.0,3.6818301677703857,-95.79196166992188,50
26,3.0,-54.11920928955078,138.283203125,50
27,2.0,-14.929803848266602,-100.48219299316406,50
28,2.0,-63.27926254272461,-84.16129302978516,50
29,3.0,-70.79553985595703,128.4734649658203,50
30,3.0,-29.58501625061035,-55.22142028808594,50
31,2.0,-70.33013153076172,-74.7724838256836,50
32,3.0,-197.32470703125,-15.209813117980957,50
33,3.0,-201.06948852539062,-26.194650650024414,50
0,1.0,-46.91096496582031,32.1154899597168,60
1,1.0,-48.44588851928711,49.749473571777344,60
2,2.0,-44.42051696777344,-12.324522018432617,60
3,1.0,-48.425262451171875,65.55316162109375,60
4,0.0,423.1177062988281,-42.50245666503906,60
5,0.0,445.9164123535156,-57.80266571044922,60
6,0.0,448.544189453125,-68.4835205078125,60
7,1.0,-48.31956481933594,76.62855529785156,60
8,3.0,307.58734130859375,574.8298950195312,60
9,2.0,168.3026885986328,-453.68731689453125,60
10,0.0,436.34552001953125,-45.014835357666016,60
11,1.0,-65.7980728149414,138.22189331054688,60
12,1.0,-51.383182525634766,129.46731567382812,60
13,1.0,-55.21552276611328,-0.36581873893737793,60
14,3.0,-459.4349365234375,118.9156494140625,60
15,3.0,-455.26165771484375,138.13735961914062,60
16,0.0,462.6973571777344,-77.85564422607422,60
17,1.0,-28.268741607666016,139.7661895751953,60
18,3.0,-463.2233581542969,145.95440673828125,60
19,1.0,-66.12335968017578,0.25765126943588257,60
20,3.0,-458.3514099121094,89.25328063964844,60
21,1.0,-39.051513671875,136.03370666503906,60
22,3.0,-441.25006103515625,144.3306884765625,60
23,3.0,280.7806091308594,639.344970703125,60
24,2.0,104.10565948486328,-424.0896911621094,60
25,2.0,106.58135223388672,-434.4547119140625,60
26,3.0,-485.7735900878906,94.13297271728516,60
27,2.0,156.22598266601562,-451.1239318847656,60
28,2.0,162.2816162109375,-431.6216735839844,60
29,3.0,-468.20538330078125,95.3409423828125,60
30,3.0,307.1810302734375,585.5087890625,60
31,2.0,161.07144165039062,-420.7636413574219,60
32,3.0,284.4534606933594,613.8792724609375,60
33,3.0,284.3680419921875,624.4403076171875,60
0,1.0,-36.25497817993164,44.1130485534668,70
1,1.0,-39.79122543334961,37.466957092285156,70
2,2.0,-29.211158752441406,56.09159851074219,70
3,1.0,-42.03056335449219,32.14656448364258,70
4,0.0,95.889892578125,-37.86831283569336,70
5,0.0,97.7969970703125,-47.658626556396484,70
6,0.0,101.06951141357422,-49.842288970947266,70
7,1.0,-43.53300476074219,28.490398406982422,70
8,3.0,-0.43067142367362976,-160.99012756347656,70
9,2.0,164.9178009033203,79.93125915527344,70
10,0.0,94.56800842285156,-42.25570297241211,70
11,1.0,-58.358551025390625,7.58971643447876,70
12,1.0,-52.18282699584961,9.239822387695312,70
13,1.0,-34.73503494262695,53.49862289428711,70
14,3.0,-195.55670166015625,18.735965728759766,70
15,3.0,-189.62246704101562,22.398174285888672,70
16,0.0,102.29341888427734,-55.931800842285156,70
17,1.0,-46.542850494384766,2.3580424785614014,70
18,3.0,-189.8030548095703,26.46219825744629,70
19,1.0,-38.01518630981445,55.724586486816406,70
20,3.0,-202.5319061279297,28.26270294189453,70
21,1.0,-49.635311126708984,5.123417377471924,70
22,3.0,-184.62478637695312,20.042926788330078,70
23,3.0,-10.488269805908203,-140.6153564453125,70
24,2.0,160.0046844482422,53.2453498840332,70
25,2.0,157.7917022705078,56.3349494934082,70
26,3.0,-209.74606323242188,20.702058792114258,70
27,2.0,163.52598571777344,74.83696746826172,70
28,2.0,168.7647705078125,72.77127838134766,70
29,3.0,-204.66455078125,24.579362869262695,70
30,3.0,-4.2510294914245605,-161.27886962890625,70
31,2.0,171.6217498779297,69.97036743164062,70
32,3.0,-12.928497314453125,-149.46841430664062,70
33,3.0,-11.01325798034668,-146.196533203125,70
0,1.0,3.6232173442840576e-05,-72.40858459472656,80
1,1.0,42.99789810180664,-110.85306549072266,80
2,2.0,-63.74654769897461,-42.92169189453125,80
3,1.0,71.50543975830078,-127.15055084228516,80
4,0.0,-205.55007934570312,-258.0001525878906,80
5,0.0,-149.3712615966797,-277.6103210449219,80
6,0.0,-145.14358520507812,-300.6529235839844,80
7,1.0,92.21575164794922,-138.08607482910156,80
8,3.0,-1494.970947265625,-336.9132385253906,80
9,2.0,-238.11117553710938,80.27375030517578,80
10,0.0,-181.6200714111328,-249.86935424804688,80
11,1.0,235.6678009033203,-178.11012268066406,80
12,1.0,201.15664672851562,-144.74490356445312,80
13,1.0,-43.02607727050781,-73.47750854492188,80
14,3.0,103.22053527832031,122.6861801147461,80
15,3.0,131.8096160888672,145.5091094970703,80
16,0.0,-110.90270233154297,-314.37225341796875,80
17,1.0,239.78147888183594,-115.37725830078125,80
18,3.0,155.0411376953125,136.5113067626953,80
19,1.0,-55.98713302612305,-93.61969757080078,80
20,3.0,191.3946533203125,131.71495056152344,80
21,1.0,228.5220489501953,-137.99449157714844,80
22,3.0,131.2677764892578,178.77713012695312,80
23,3.0,-66.72830963134766,281.7484436035156,80
24,2.0,-211.57664489746094,1.5649569034576416,80
25,2.0,75.55347442626953,284.4920959472656,80
26,3.0,233.02499389648438,186.30780029296875,80
27,2.0,-228.30894470214844,112.21993255615234,80
28,2.0,-199.08761596679688,102.39144897460938,80
29,3.0,216.56710815429688,152.58494567871094,80
30,3.0,368.2438659667969,48.616371154785156,80
31,2.0,-175.34161376953125,106.88299560546875,80
32,3.0,-15.881234169006348,260.0494689941406,80
33,3.0,-36.842552185058594,269.0660705566406,80
0,1.0,55.80888366699219,22.193225860595703,90
1,1.0,3.7516441345214844,85.9965591430664,90
2,2.0,65.61292266845703,-60.7791633605957,90
3,1.0,-12.800708770751953,123.75696563720703,90
4,0.0,1414.5665283203125,168.4632110595703,90
5,0.0,244.05712890625,-172.499755859375,90
6,0.0,269.09039306640625,-188.72897338867188,90
7,1.0,-24.3519344329834,151.15200805664062,90
8,3.0,-33.91746520996094,-273.8188781738281,90
9,2.0,215.13009643554688,213.8489532470703,90
10,0.0,-1399.7314453125,-204.28289794921875,90
11,1.0,-187.14682006835938,236.9202880859375,90
12,1.0,-122.3167724609375,232.85299682617188,90
13,1.0,36.02341842651367,-23.98624038696289,90
14,3.0,-304.55926513671875,-35.923099517822266,90
15,3.0,-274.6037292480469,-76.06412506103516,90
16,0.0,251.7740478515625,-232.32846069335938,90
17,1.0,-131.75828552246094,291.4347839355469,90
18,3.0,-290.2166442871094,-103.99040222167969,90
19,1.0,6.2584404945373535,-31.814546585083008,90
20,3.0,-333.7023010253906,-114.37613677978516,90
21,1.0,-143.9719696044922,261.5976867675781,90
22,3.0,-231.5566864013672,-76.00125122070312,90
23,3.0,-72.36951446533203,-407.3269958496094,90
24,2.0,361.3704833984375,94.85454559326172,90
25,2.0,332.649658203125,99.31610107421875,90
26,3.0,-183.52044677734375,-75.49369812011719,90
27,2.0,203.5460662841797,169.28939819335938,90
28,2.0,173.34474182128906,189.77969360351562,90
29,3.0,-366.53814697265625,-83.61841583251953,90
30,3.0,-9.367504119873047,-290.2237548828125,90
31,2.0,-224.0013427734375,473.42578125,90
32,3.0,-107.33099365234375,-348.05316162109375,90
33,3.0,-84.74114990234375,-366.76434326171875,90
0,1.0,292.65509033203125,-9.51732063293457,100
1,1.0,296.14190673828125,70.91258239746094,100
2,2.0,239.05235290527344,-51.94981002807617,100
3,1.0,304.61572265625,103.12571716308594,100
4,0.0,382.6236572265625,-315.293212890625,100
5,0.0,321.0842590332031,-328.2850341796875,100
6,0.0,320.6675109863281,-352.6793212890625,100
7,1.0,308.9855651855469,126.8718490600586,100
8,3.0,-40.119720458984375,-250.05039978027344,100
9,2.0,-227.9949493408203,96.66265106201172,100
10,0.0,362.5003356933594,-299.9173889160156,100
11,1.0,-458.0077819824219,-144.7156219482422,100
12,1.0,-437.6522521972656,-99.31743621826172,100
13,1.0,253.2700958251953,-15.66128921508789,100
14,3.0,32.6828498840332,287.3138122558594,100
15,3.0,6.845508098602295,256.8198547363281,100
16,0.0,284.0557861328125,-366.03692626953125,100
17,1.0,-482.2544860839844,-83.21931457519531,100
18,3.0,-17.939027786254883,264.7699279785156,100
19,1.0,235.54928588867188,2.252800464630127,100
20,3.0,-36.210105895996094,296.4105529785156,100
21,1.0,-466.2987365722656,-104.0281982421875,100
22,3.0,14.597074508666992,222.15293884277344,100
23,3.0,-72.5370864868164,-147.78517150878906,100
24,2.0,-793.6598510742188,-1269.165771484375,100
25,2.0,-290.3804931640625,212.70181274414062,100
26,3.0,23.667545318603516,186.058837890625,100
27,2.0,-259.33953857421875,77.27938079833984,100
28,2.0,-241.88479614257812,59.564430236816406,100
29,3.0,-29.439300537109375,332.5198059082031,100
30,3.0,-16.67807960510254,-256.01605224609375,100
31,2.0,-237.9850311279297,25.867923736572266,100
32,3.0,-18.947555541992188,-163.00750732421875,100
33,3.0,-42.78773880004883,-166.18455505371094,100
0,1.0,-128.59307861328125,-104.17950439453125,110
1,1.0,-91.18323516845703,-155.17172241210938,110
2,2.0,-185.51507568359375,-95.54729461669922,110
3,1.0,-69.94408416748047,-171.5109100341797,110
4,0.0,-262.3202209472656,92.27023315429688,110
5,0.0,-272.9891357421875,141.50035095214844,110
6,0.0,-292.4928283691406,140.63998413085938,110
7,1.0,-54.92245101928711,-183.65760803222656,110
8,3.0,-48.06637954711914,242.17674255371094,110
9,2.0,363.2754211425781,106.3338623046875,110
10,0.0,-249.96986389160156,108.32303619384766,110
11,1.0,-28.03302001953125,-322.15924072265625,110
12,1.0,-10.967596054077148,-293.6670837402344,110
13,1.0,-161.30580139160156,-113.65281677246094,110
14,3.0,170.10076904296875,33.930755615234375,110
15,3.0,140.31190490722656,24.97771453857422,110
16,0.0,-305.2067565917969,169.00936889648438,110
17,1.0,27.62563705444336,-300.9436950683594,110
18,3.0,136.71563720703125,4.732330799102783,110
19,1.0,-159.91104125976562,-133.61392211914062,110
20,3.0,147.9578399658203,-22.014564514160156,110
21,1.0,7.895655632019043,-306.99517822265625,110
22,3.0,118.12044525146484,43.2812614440918,110
23,3.0,30.387874603271484,232.54908752441406,110
24,2.0,186.00839233398438,1608.07470703125,110
25,2.0,3.9317004680633545,-2253.06494140625,110
26,3.0,95.16677856445312,61.43659591674805,110
27,2.0,342.1376037597656,125.60396575927734,110
28,2.0,358.87554931640625,136.66722106933594,110
29,3.0,167.3118133544922,-42.88593673706055,110
30,3.0,-64.36512756347656,231.53692626953125,110
31,2.0,364.5586242675781,164.48263549804688,110
32,3.0,3.030909776687622,197.1248321533203,110
33,3.0,7.135091304779053,216.2528839111328,110
0,1.0,231.07266235351562,-147.23501586914062,120
1,1.0,219.47242736816406,-67.31172180175781,120
2,2.0,301.3241882324219,-119.05573272705078,120
3,1.0,206.06483459472656,-44.4158935546875,120
4,0.0,-62.61712646484375,-217.14822387695312,120
5,0.0,-39.97724914550781,-172.15823364257812,120
6,0.0,-55.416439056396484,-160.2771759033203,120
7,1.0,196.64016723632812,-27.6590518951416,120
8,3.0,-185.0631866455078,262.43255615234375,120
9,2.0,25.340858459472656,169.06582641601562,120
10,0.0,-43.0126838684082,-212.2245635986328,120
11,1.0,176.88864135742188,98.89620971679688,120
12,1.0,198.48033142089844,118.21953582763672,120
13,1.0,272.4585876464844,-121.33142852783203,120
14,3.0,-262.5733337402344,-60.793182373046875,120
15,3.0,-284.1618957519531,-38.779624938964844,120
16,0.0,-48.058319091796875,-130.2479248046875,120
17,1.0,233.20895385742188,135.23599243164062,120
18,3.0,-278.8503723144531,-19.32565689086914,120
19,1.0,254.4921112060547,-131.36891174316406,120
20,3.0,-265.3423767089844,5.930297374725342,120
21,1.0,221.28765869140625,118.75580596923828,120
22,3.0,-312.4183654785156,-46.76158142089844,120
23,3.0,-147.21620178222656,201.78445434570312,120
24,2.0,1135.916259765625,-813.4153442382812,120
25,2.0,-653.8222045898438,202.13803100585938,120
26,3.0,-340.9913330078125,-53.23236083984375,120
27,2.0,35.808555603027344,143.6505584716797,120
28,2.0,15.977347373962402,140.26708984375,120
29,3.0,-256.86785888671875,34.10072326660156,120
30,3.0,-195.593994140625,278.86981201171875,120
31,2.0,0.6754540205001831,115.81094360351562,120
32,3.0,-191.66244506835938,197.6367645263672,120
33,3.0,-175.13185119628906,208.83750915527344,120
0,1.0,-128.1240692138672,11.202441215515137,130
1,1.0,-129.6155548095703,52.76250076293945,130
2,2.0,-87.11382293701172,22.729745864868164,130
3,1.0,-135.71237182617188,66.2158203125,130
4,0.0,-98.36053466796875,-134.06393432617188,130
5,0.0,-71.17584991455078,-127.07868957519531,130
6,0.0,-66.16705322265625,-136.6763458251953,130
7,1.0,-139.7040252685547,76.12464904785156,130
8,3.0,-5.752620220184326,-8.324300765991211,130
9,2.0,167.76812744140625,-47.75797653198242,130
10,0.0,-92.91075134277344,-124.14884948730469,130
11,1.0,-138.84776306152344,161.7230987548828,130
12,1.0,-123.20765686035156,159.1704559326172,130
13,1.0,-103.1778564453125,22.68901252746582,130
14,3.0,77.16386413574219,-8.638211250305176,130
15,3.0,59.102012634277344,-11.615143775939941,130
16,0.0,-49.09811019897461,-136.700927734375,130
17,1.0,-102.33344268798828,165.439208984375,130
18,3.0,55.62955856323242,-0.5356729030609131,130
19,1.0,-113.84039306640625,18.242965698242188,130
20,3.0,57.997596740722656,14.661399841308594,130
21,1.0,-110.41242980957031,157.66738891601562,130
22,3.0,43.118064880371094,-19.143552780151367,130
23,3.0,104.20014190673828,-141.99005126953125,130
24,2.0,87.27518463134766,117.9108657836914,130
25,2.0,95.89805603027344,111.77680969238281,130
26,3.0,31.458040237426758,-30.82098960876465,130
27,2.0,157.65985107421875,-36.94074630737305,130
28,2.0,167.14857482910156,-30.798852920532227,130
29,3.0,66.75299072265625,-32.86568069458008,130
30,3.0,181.03778076171875,-308.00299072265625,130
31,2.0,171.39207458496094,-15.175527572631836,130
32,3.0,91.39527130126953,-118.43610382080078,130
33,3.0,96.21393585205078,-128.6404571533203,130
0,1.0,-45.29037094116211,208.05795288085938,140
1,1.0,-31.317718505859375,214.18453979492188,140
2,2.0,-37.84962463378906,193.53607177734375,140
3,1.0,-27.454511642456055,218.28060913085938,140
4,0.0,111.33375549316406,-195.23135375976562,140
5,0.0,102.7520523071289,-201.65757751464844,140
6,0.0,104.19354248046875,-205.445556640625,140
7,1.0,-24.70330810546875,221.1849365234375,140
8,3.0,-168.30247497558594,-1.8216372728347778,140
9,2.0,118.0948486328125,28.872764587402344,140
10,0.0,107.16755676269531,-194.52081298828125,140
11,1.0,8.050631523132324,241.804443359375,140
12,1.0,4.302870750427246,246.5207977294922,140
13,1.0,-39.25885009765625,199.5224609375,140
14,3.0,-141.19448852539062,-48.66291809082031,140
15,3.0,-145.67579650878906,-43.04444122314453,140
16,0.0,100.05792236328125,-210.45724487304688,140
17,1.0,0.5534439086914062,253.38790893554688,140
18,3.0,-142.4403533935547,-40.295867919921875,140
19,1.0,-41.52286911010742,203.2284393310547,140
20,3.0,-138.26451110839844,-36.10429382324219,140
21,1.0,4.317371845245361,251.52662658691406,140
22,3.0,-150.93504333496094,-46.91731262207031,140
23,3.0,-175.79019165039062,-12.730926513671875,140
24,2.0,120.04629516601562,56.4630241394043,140
25,2.0,116.97559356689453,54.00422668457031,140
26,3.0,-156.3661651611328,-49.990901947021484,140
27,2.0,118.8045883178711,34.265541076660156,140
28,2.0,122.95375061035156,33.394981384277344,140
29,3.0,-151.30796813964844,-35.81937789916992,140
30,3.0,-167.26998901367188,2.2133772373199463,140
31,2.0,128.6163330078125,35.817481994628906,140
32,3.0,-166.1930389404297,-14.207175254821777,140
33,3.0,-169.65525817871094,-11.121500015258789,140
0,1.0,2.17893123626709,-41.233421325683594,150
1,1.0,11.322346687316895,-35.8216552734375,150
2,2.0,7.904862403869629,-51.4492301940918,150
3,1.0,13.796295166015625,-32.66912078857422,150
4,0.0,155.305908203125,87.67133331298828,150
5,0.0,147.6920928955078,89.4266586303711,150
6,0.0,147.36767578125,92.24298095703125,150
7,1.0,15.51484489440918,-30.46855354309082,150
8,3.0,-75.08358001708984,69.79243469238281,150
9,2.0,70.20533752441406,-122.15121459960938,150
10,0.0,152.82159423828125,86.10620880126953,150
11,1.0,38.21251678466797,-10.425467491149902,150
12,1.0,35.47453308105469,-7.184956073760986,150
13,1.0,6.600818634033203,-47.25504684448242,150
14,3.0,-97.51800537109375,60.82257843017578,150
15,3.0,-100.7662353515625,64.19695281982422,150
16,0.0,143.21551513671875,94.28394317626953,150
17,1.0,31.941635131835938,-2.984787940979004,150
18,3.0,-103.14672088623047,66.12628173828125,150
19,1.0,4.991380214691162,-44.66118621826172,150
20,3.0,-107.42406463623047,67.50300598144531,150
21,1.0,34.800621032714844,-3.649977922439575,150
22,3.0,-103.92021942138672,61.25215148925781,150
23,3.0,-79.71448516845703,76.86105346679688,150
24,2.0,73.56281280517578,-141.6156768798828,150
25,2.0,71.2770767211914,-140.05909729003906,150
26,3.0,-102.54280090332031,74.16555786132812,150
27,2.0,71.12725830078125,-125.78060913085938,150
28,2.0,74.0370864868164,-125.06250762939453,150
29,3.0,-94.64741516113281,67.4938735961914,150
30,3.0,-72.45021057128906,68.30230712890625,150
31,2.0,78.26249694824219,-126.35174560546875,150
32,3.0,-83.83336639404297,70.74602508544922,150
33,3.0,-80.02545166015625,72.24980926513672,150
0,1.0,343.68890380859375,-357.8957214355469,160
1,1.0,238.60745239257812,-385.6766052246094,160
2,2.0,307.4671630859375,-239.04393005371094,160
3,1.0,204.6054229736328,-410.658447265625,160
4,0.0,86.14247131347656,562.6637573242188,160
5,0.0,2.0391290187835693,554.9097290039062,160
6,0.0,-25.696256637573242,568.4036865234375,160
7,1.0,179.9091796875,-428.6151123046875,160
8,3.0,-88.17811584472656,11.263269424438477,160
9,2.0,-395.1322021484375,40.743438720703125,160
10,0.0,59.664363861083984,579.9213256835938,160
11,1.0,-41.52847671508789,-499.5711364746094,160
12,1.0,-68.52049255371094,-464.2864074707031,160
13,1.0,311.5152282714844,-285.02935791015625,160
14,3.0,177.8563995361328,154.56077575683594,160
15,3.0,128.27926635742188,133.8485107421875,160
16,0.0,-68.9298095703125,547.1769409179688,160
17,1.0,-120.75130462646484,-441.3116149902344,160
18,3.0,114.01981353759766,162.54847717285156,160
19,1.0,321.9884338378906,-316.3675842285156,160
20,3.0,100.94536590576172,206.15444946289062,160
21,1.0,-90.17425537109375,-431.9544982910156,160
22,3.0,145.23574829101562,88.84111022949219,160
23,3.0,-101.83995819091797,89.77240753173828,160
24,2.0,2823.677001953125,-1013.8549194335938,160
25,2.0,-2368.152099609375,179.83477783203125,160
26,3.0,160.4940643310547,44.229087829589844,160
27,2.0,-394.8020935058594,80.03694915771484,160
28,2.0,-428.0458679199219,76.396728515625,160
29,3.0,54.207454681396484,99.87831115722656,160
30,3.0,-98.59014892578125,-22.185632705688477,160
31,2.0,-455.482666015625,115.88072204589844,160
32,3.0,-6.830167293548584,76.3978042602539,160
33,3.0,-74.56816101074219,50.30583953857422,160
0,1.0,-73.9729232788086,13.473968505859375,170
1,1.0,-86.97578430175781,6.638630390167236,170
2,2.0,-64.17877197265625,-1.4790008068084717,170
3,1.0,-92.98372650146484,5.957996845245361,170
4,0.0,-309.5174865722656,64.42681884765625,170
5,0.0,-310.7076721191406,52.399078369140625,170
6,0.0,-315.04266357421875,51.74950408935547,170
7,1.0,-97.25379943847656,5.394649028778076,170
8,3.0,150.83299255371094,-149.79681396484375,170
9,2.0,59.962257385253906,241.8355712890625,170
10,0.0,-306.73870849609375,60.91923141479492,170
11,1.0,-140.9942626953125,15.860268592834473,170
12,1.0,-142.13307189941406,9.585926055908203,170
13,1.0,-68.89546966552734,3.194701910018921,170
14,3.0,164.687255859375,-114.25399017333984,170
15,3.0,171.36805725097656,-116.90042877197266,170
16,0.0,-317.231689453125,45.06354904174805,170
17,1.0,-146.9517822265625,3.2264342308044434,170
18,3.0,173.8549041748047,-112.92152404785156,170
19,1.0,-71.4695053100586,7.14578914642334,170
20,3.0,175.4412841796875,-106.48714447021484,170
21,1.0,-142.5062713623047,3.9897427558898926,170
22,3.0,177.1822967529297,-121.34904479980469,170
23,3.0,144.55776977539062,-140.5792999267578,170
24,2.0,42.74049758911133,259.91375732421875,170
25,2.0,45.72141647338867,256.7030334472656,170
26,3.0,181.78749084472656,-126.5202407836914,170
27,2.0,56.527061462402344,237.62542724609375,170
28,2.0,53.2412223815918,241.365478515625,170
29,3.0,165.40342712402344,-126.48895263671875,170
30,3.0,152.05931091308594,-155.0837860107422,170
31,2.0,47.334373474121094,236.77928161621094,170
32,3.0,160.2538299560547,-132.71998596191406,170
33,3.0,149.71273803710938,-144.863525390625,170
0,1.0,-163.9870147705078,-134.60617065429688,180
1,1.0,-152.39007568359375,-187.55343627929688,180
2,2.0,-232.964111328125,-147.76625061035156,180
3,1.0,-138.76307678222656,-206.874267578125,180
4,0.0,-1383.5751953125,534.8662719726562,180
5,0.0,42.83422088623047,226.869140625,180
6,0.0,48.49878692626953,243.30435180664062,180
7,1.0,-129.08224487304688,-220.96348571777344,180
8,3.0,46.530052185058594,65.7641372680664,180
9,2.0,-171.8460235595703,58.77891159057617,180
10,0.0,142.5899200439453,-256.44305419921875,180
11,1.0,270.43609619140625,58.8477897644043,180
12,1.0,259.582763671875,36.30012512207031,180
13,1.0,-206.99798583984375,-148.82342529296875,180
14,3.0,97.28330993652344,-125.47918701171875,180
15,3.0,69.92631530761719,-117.23912048339844,180
16,0.0,28.026405334472656,260.681396484375,180
17,1.0,239.2152557373047,14.541375160217285,180
18,3.0,52.56052780151367,-110.99010467529297,180
19,1.0,-188.57489013671875,-145.49913024902344,180
20,3.0,26.768346786499023,-110.4764404296875,180
21,1.0,257.1129455566406,14.098689079284668,180
22,3.0,80.77967834472656,-90.94403076171875,180
23,3.0,21.441213607788086,29.507843017578125,180
24,2.0,-231.47274780273438,107.21611022949219,180
25,2.0,-213.5189208984375,98.7670669555664,180
26,3.0,104.88452911376953,-71.12265014648438,180
27,2.0,-156.9370880126953,72.8282699584961,180
28,2.0,-177.01622009277344,82.56415557861328,180
29,3.0,67.44180297851562,-150.6757354736328,180
30,3.0,57.17139434814453,85.08586120605469,180
31,2.0,-151.17713928222656,104.92127990722656,180
32,3.0,63.62712860107422,-176.8346405029297,180
33,3.0,37.36071014404297,49.4316291809082,180
0,1.0,-5.111553192138672,1.9151800870895386,190
1,1.0,-8.834897994995117,12.462905883789062,190
2,2.0,-18.7554988861084,-4.224722862243652,190
3,1.0,-8.66331958770752,17.464847564697266,190
4,0.0,-186.70675659179688,69.28182983398438,190
5,0.0,-193.19248962402344,77.05494689941406,190
6,0.0,-196.2213592529297,75.13988494873047,190
7,1.0,-8.571575164794922,20.988895416259766,190
8,3.0,138.212646484375,-83.03395080566406,190
9,2.0,-116.03498077392578,-95.7043685913086,190
10,0.0,-186.27633666992188,72.89036560058594,190
11,1.0,-5.009687423706055,61.43227005004883,190
12,1.0,-2.0017693042755127,65.7699966430664,190
13,1.0,-14.297465324401855,-0.9638915657997131,190
14,3.0,150.5303955078125,-49.121822357177734,190
15,3.0,156.2204132080078,-50.212093353271484,190
16,0.0,-201.04507446289062,78.43509674072266,190
17,1.0,-0.5770043730735779,71.78781127929688,190
18,3.0,157.9931640625,-46.805355072021484,190
19,1.0,-10.771092414855957,0.7679226398468018,190
20,3.0,159.32008361816406,-41.556007385253906,190
21,1.0,1.6175205707550049,68.78913879394531,190
22,3.0,160.34413146972656,-53.56217575073242,190
23,3.0,132.81898498535156,-75.75971221923828,190
24,2.0,-130.34375,-90.6133804321289,190
25,2.0,-125.83242797851562,-91.3795166015625,190
26,3.0,159.02362060546875,-63.528690338134766,190
27,2.0,-113.6716079711914,-92.0827407836914,190
28,2.0,-119.12371826171875,-92.51039123535156,190
29,3.0,153.5784912109375,-61.318084716796875,190
30,3.0,139.9888458251953,-87.42523956298828,190
31,2.0,-112.02310180664062,-86.19129180908203,190
32,3.0,148.89154052734375,-65.58199310302734,190
33,3.0,136.7957000732422,-79.48336791992188,190
0,1.0,-82.9639892578125,-277.4521789550781,200
1,1.0,-50.1673583984375,0.33117735385894775,200
2,2.0,-39.09126663208008,-70.86817932128906,200
3,1.0,-43.79844665527344,16.913166046142578,200
4,0.0,-128.34242248535156,-166.71450805664062,200
5,0.0,-97.12740325927734,-187.74661254882812,200
6,0.0,-86.66911315917969,-180.031982421875,200
7,1.0,-34.89224624633789,26.143571853637695,200
8,3.0,178.71560668945312,37.187435150146484,200
9,2.0,51.82052993774414,-78.02666473388672,200
10,0.0,-124.40498352050781,-179.148193359375,200
11,1.0,-112.20394897460938,136.9456329345703,200
12,1.0,-104.39920043945312,119.89868927001953,200
13,1.0,-48.3704719543457,-54.118934631347656,200
14,3.0,73.92469024658203,118.36986541748047,200
15,3.0,85.9187240600586,134.61354064941406,200
16,0.0,-69.55030822753906,-191.7616424560547,200
17,1.0,-104.2960433959961,98.95559692382812,200
18,3.0,77.91000366210938,145.76939392089844,200
19,1.0,-56.03748321533203,-42.85979080200195,200
20,3.0,65.1747817993164,160.18226623535156,200
21,1.0,-93.55101013183594,106.9947280883789,200
22,3.0,102.92526245117188,141.72593688964844,200
23,3.0,175.60108947753906,7.154224872589111,200
24,2.0,70.35022735595703,-29.22374153137207,200
25,2.0,67.7942123413086,-46.23598098754883,200
26,3.0,135.10342407226562,122.47209167480469,200
27,2.0,58.83584976196289,-92.6631851196289,200
28,2.0,62.53565979003906,-68.03837585449219,200
29,3.0,119.6916732788086,109.75051879882812,200
30,3.0,99.42977142333984,-191.69723510742188,200
31,2.0,75.07752227783203,-103.76520538330078,200
32,3.0,126.64006042480469,89.09284210205078,200
33,3.0,172.93917846679688,25.542888641357422,200
